{
  "bookendVersion": "v1.0",
  "shareProviders": [
    "twitter",
    {
      "provider": "facebook",
      "app_id": "254325784911610"
    }
  ],
  "components": [
    {
      "type": "heading",
      "text": "Related summaries"
    },
    {
      "type": "small",
      "title": "Summarize of the Shadowgun",
      "url": "https://news.androidout.com/2018/08/07/the-most-exciting-android-games-of-2018-shadowgun-pubg/",
      "image": "/amp-stories3/upload/rel1.png"
    },
    {
      "type": "small",
      "title": "Summarize of the Knife vs Fruit & Horizon!",
      "url": "https://news.androidout.com/2018/05/31/best-games-of-may-2018-sling-drift-knife-vs-fruit-horizon/",
      "image": "/amp-stories3/upload/rel2.png"
    },
    {
      "type": "small",
      "title": "Summarize of the Star Wars Day: 5 best Star Wars8",
      "url": "https://news.androidout.com/2018/05/03/star-wars-day-5-best-star-wars-apps-games-for-android-in-2018/",
      "image": "/amp-stories3/upload/rel3.png"
    },
    {
      "type": "small",
      "title": "Summarize of the Tom Clancy’s Shadow Break",
      "url": "https://news.androidout.com/2018/02/01/best-games-of-january-2018-like-tom-clancys-shadow-break-wordcookies-cross/",
      "image": "/amp-stories3/upload/rel4.png"
    },
    {
      "type": "small",
      "title": "Summarize of the Jumanji and Marvel: Strike Force",
      "url": "https://news.androidout.com/2017/12/26/best-games-of-december-2017-like-jumanji-and-marvel-strike-force/",
      "image": "/amp-stories3/upload/rel5.png"
    },
    {
      "type": "small",
      "title": "Summarize of the Color Hole 3D",
      "url": "https://news.androidout.com/2019/05/30/best-games-of-may-2019-color-hole-3d-archero/",
      "image": "/amp-stories3/upload/rel6.png"
    }
  ]
}